{"macro_f1": 0.7463207023622066, "accuracy": 0.8236173393124065, "val_loss": 18.683537900447845}