scenario,High,Low,Medium,predicted_risk
No Evidence,0.5877969742124373,0.1944366182522269,0.21776640753533594,High
Payment+Termination Present,0.682866818589098,0.1048888737883533,0.2122443076225486,High
All Core Clauses Present,0.7942238267148014,0.0,0.20577617328519854,High
Risky + No Dispute Clause,0.7942238267148013,0.0,0.20577617328519857,High
